,item_call_number,file_digid,link_to_file,Description,Name,lat,long,Date,pic_url,thumb_url
1,PR 06 CN 1186: JAL 1940-1,38738,http://cdn.loc.gov/service/pnp/ppmsca/38700/38738v.jpg,"Prairie Lea, TX; ""<audio controls><source src=""http://c0383352.cdn.cloudfiles.rackspacecloud.com/audio/TD227R01.mp3""type=""audio/mpeg""> <embed height=""50"" width=""100""</audio>
",Mrs. Emily Elizabeth Fulks,29.730844,-97.754198,9/17/1940,http://cdn.loc.gov/service/pnp/ppmsca/38700/38738r.jpg,http://cdn.loc.gov/service/pnp/ppmsca/38700/38738r.jpg
2,PR 06 CN 1186: JAL 1940-5,38739,http://cdn.loc.gov/service/pnp/ppmsca/38700/38739v.jpg,"Prairie Lea, TX; ""<audio controls> <source src=""http://c0383352.cdn.cloudfiles.rackspacecloud.com/audio/TD227R01.mp3"" type=""audio/mpeg""> <embed height=""50"" width=""100"" </audio>","Mrs. Emily Elizabeth Fulks, Mrs. Minnie Smith, Mrs. Alberta Kimball",29.730844,-97.754198,9/17/1940,http://cdn.loc.gov/service/pnp/ppmsca/38700/38739r.jpg,http://cdn.loc.gov/service/pnp/ppmsca/38700/38739r.jpg
3,PR 06 CN 1186: JAL 1940-6,38740,http://cdn.loc.gov/service/pnp/ppmsca/38700/38740v.jpg,"Kingsville, TX; ""<audio controls> <source src=""http://c0383352.cdn.cloudfiles.rackspacecloud.com/audio/TD227R01.mp3"" type=""audio/mpeg""> <embed height=""50"" width=""100"" </audio>",Mrs. Catarine Byington,27.515869,-97.856109,9/20/1940,http://cdn.loc.gov/service/pnp/ppmsca/38700/38740r.jpg,http://cdn.loc.gov/service/pnp/ppmsca/38700/38740r.jpg
4,PR 06 CN 1186: JAL 1940-7,38741,http://cdn.loc.gov/service/pnp/ppmsca/38700/38741v.jpg,"Kingsville, TX; ""<audio controls> <source src=""http://c0383352.cdn.cloudfiles.rackspacecloud.com/audio/TD227R01.mp3"" type=""audio/mpeg""> <embed height=""50"" width=""100"" </audio>",Mrs. Catarine Byington,27.515869,-97.856109,9/20/1940,http://cdn.loc.gov/service/pnp/ppmsca/38700/38741r.jpg,http://cdn.loc.gov/service/pnp/ppmsca/38700/38741r.jpg
5,PR 06 CN 1186: JAL 1940-8,38742,http://cdn.loc.gov/service/pnp/ppmsca/38700/38742v.jpg,"Kingsville, TX; ""<audio controls> <source src=""http://c0383352.cdn.cloudfiles.rackspacecloud.com/audio/TD227R01.mp3"" type=""audio/mpeg""> <embed height=""50"" width=""100"" </audio>",Lolo Mendoza and Chico Real,27.515869,-97.856109,9/20/1940,http://cdn.loc.gov/service/pnp/ppmsca/38700/38742r.jpg,http://cdn.loc.gov/service/pnp/ppmsca/38700/38742r.jpg
6,PR 06 CN 1186: JAL 1940-9,38743,http://cdn.loc.gov/service/pnp/ppmsca/38700/38743v.jpg,"Kingsville, TX; ""<audio controls> <source src=""http://c0383352.cdn.cloudfiles.rackspacecloud.com/audio/TD227R01.mp3"" type=""audio/mpeg""> <embed height=""50"" width=""100"" </audio>",Lolo Mendoza and Chico Real,27.515869,-97.856109,9/20/1940,http://cdn.loc.gov/service/pnp/ppmsca/38700/38743r.jpg,http://cdn.loc.gov/service/pnp/ppmsca/38700/38743r.jpg
7,PR 06 CN 1186: JAL 1940-10,38744,http://cdn.loc.gov/service/pnp/ppmsca/38700/38744v.jpg,"Kingsville, TX; ""<audio controls> <source src=""http://c0383352.cdn.cloudfiles.rackspacecloud.com/audio/TD227R01.mp3"" type=""audio/mpeg""> <embed height=""50"" width=""100"" </audio>",Frank Goodwyn,27.515869,-97.856109,9/20/1940,http://cdn.loc.gov/service/pnp/ppmsca/38700/38745r.jpg,http://cdn.loc.gov/service/pnp/ppmsca/38700/38745r.jpg
8,PR 06 CN 1186: JAL 1940-11,38745,http://cdn.loc.gov/service/pnp/ppmsca/38700/38745v.jpg,"Kingsville, TX; ""<audio controls> <source src=""http://c0383352.cdn.cloudfiles.rackspacecloud.com/audio/TD227R01.mp3"" type=""audio/mpeg""> <embed height=""50"" width=""100"" </audio>",Frank Goodwyn,27.515869,-97.856109,9/20/1940,http://cdn.loc.gov/service/pnp/ppmsca/38700/38744r.jpg,http://cdn.loc.gov/service/pnp/ppmsca/38700/38744r.jpg
9,PR 06 CN 1186: JAL 1940-12,38746,http://cdn.loc.gov/service/pnp/ppmsca/38700/38746v.jpg,"Kingsville, TX; ""<audio controls> <source src=""http://c0383352.cdn.cloudfiles.rackspacecloud.com/audio/TD227R01.mp3"" type=""audio/mpeg""> <embed height=""50"" width=""100"" </audio>",Mrs. Isabella Salazar,27.515869,-97.856109,9/20/1940,http://cdn.loc.gov/service/pnp/ppmsca/38700/38747r.jpg,http://cdn.loc.gov/service/pnp/ppmsca/38700/38747r.jpg
10,PR 06 CN 1186: JAL 1940-13,38747,http://cdn.loc.gov/service/pnp/ppmsca/38700/38747v.jpg,"Kingsville, TX; ""<audio controls> <source src=""http://c0383352.cdn.cloudfiles.rackspacecloud.com/audio/TD227R01.mp3"" type=""audio/mpeg""> <embed height=""50"" width=""100"" </audio>",Mrs. Isabella Salazar,27.515869,-97.856109,9/20/1940,http://cdn.loc.gov/service/pnp/ppmsca/38700/38746r.jpg,http://cdn.loc.gov/service/pnp/ppmsca/38700/38746r.jpg
11,PR 06 CN 1186: JAL 1940-14,38748,http://cdn.loc.gov/service/pnp/ppmsca/38700/38748v.jpg,"Kingsville, TX; ""<audio controls> <source src=""http://c0383352.cdn.cloudfiles.rackspacecloud.com/audio/TD227R01.mp3"" type=""audio/mpeg""> <embed height=""50"" width=""100"" </audio>",Rosendo Arce,27.515869,-97.856109,9/20/1940,http://cdn.loc.gov/service/pnp/ppmsca/38700/38748r.jpg,http://cdn.loc.gov/service/pnp/ppmsca/38700/38748r.jpg
12,PR 06 CN 1186: JAL 1940-15,38749,http://cdn.loc.gov/service/pnp/ppmsca/38700/38749v.jpg,"Kingsville, TX; ""<audio controls> <source src=""http://c0383352.cdn.cloudfiles.rackspacecloud.com/audio/TD227R01.mp3"" type=""audio/mpeg""> <embed height=""50"" width=""100"" </audio>",Rosendo Arce,27.515869,-97.856109,9/20/1940,http://cdn.loc.gov/service/pnp/ppmsca/38700/38749r.jpg,http://cdn.loc.gov/service/pnp/ppmsca/38700/38749r.jpg
13,PR 06 CN 1186: JAL 1940-16,38750,http://cdn.loc.gov/service/pnp/ppmsca/38700/38750v.jpg,"Lufkin, TX; ""<audio controls> <source src=""http://c0383352.cdn.cloudfiles.rackspacecloud.com/audio/TD227R01.mp3"" type=""audio/mpeg""> <embed height=""50"" width=""100"" </audio>","The Angelina Four, Kelty's Lumber Co.",31.338241,-94.729097,9/26/1940,http://cdn.loc.gov/service/pnp/ppmsca/38700/38750r.jpg,http://cdn.loc.gov/service/pnp/ppmsca/38700/38750r.jpg
14,PR 06 CN 1186: JAL 1940-17,38751,http://cdn.loc.gov/service/pnp/ppmsca/38700/38751v.jpg,"Lufkin, TX; ""<audio controls> <source src=""http://c0383352.cdn.cloudfiles.rackspacecloud.com/audio/TD227R01.mp3"" type=""audio/mpeg""> <embed height=""50"" width=""100"" </audio>","The Angelina Four, Kelty's Lumber Co.",31.338241,-94.729097,9/26/1940,http://cdn.loc.gov/service/pnp/ppmsca/38700/38752r.jpg,http://cdn.loc.gov/service/pnp/ppmsca/38700/38752r.jpg
15,PR 06 CN 1186: JAL 1940-18,38752,http://cdn.loc.gov/service/pnp/ppmsca/38700/38752v.jpg,"Lufkin, TX; ""<audio controls> <source src=""http://c0383352.cdn.cloudfiles.rackspacecloud.com/audio/TD227R01.mp3"" type=""audio/mpeg""> <embed height=""50"" width=""100"" </audio>","The Angelina Four, Kelty's Lumber Co.",31.338241,-94.729097,9/26/1940,http://cdn.loc.gov/service/pnp/ppmsca/38700/38751r.jpg,http://cdn.loc.gov/service/pnp/ppmsca/38700/38751r.jpg
16,PR 06 CN 1186: JAL 1940-19,38753,http://cdn.loc.gov/service/pnp/ppmsca/38700/38753v.jpg,"Lufkin, TX; ""<audio controls> <source src=""http://c0383352.cdn.cloudfiles.rackspacecloud.com/audio/TD227R01.mp3"" type=""audio/mpeg""> <embed height=""50"" width=""100"" </audio>","Jethro (Jabbo) Williams, of the Angelina Four",31.338241,-94.729097,9/26/1940,http://cdn.loc.gov/service/pnp/ppmsca/38700/38753r.jpg,http://cdn.loc.gov/service/pnp/ppmsca/38700/38753r.jpg
17,PR 06 CN 1186: JAL 1940-20,38754,http://cdn.loc.gov/service/pnp/ppmsca/38700/38754v.jpg,"Lufkin, TX; ""<audio controls> <source src=""http://c0383352.cdn.cloudfiles.rackspacecloud.com/audio/TD227R01.mp3"" type=""audio/mpeg""> <embed height=""50"" width=""100"" </audio>","Jerry Watkins, of the Angelina Four",31.338241,-94.729097,9/26/1940,http://cdn.loc.gov/service/pnp/ppmsca/38700/38754r.jpg,http://cdn.loc.gov/service/pnp/ppmsca/38700/38754r.jpg
18,PR 06 CN 1186: JAL 1940-21,38755,http://cdn.loc.gov/service/pnp/ppmsca/38700/38755v.jpg,"Lufkin, TX; ""<audio controls> <source src=""http://c0383352.cdn.cloudfiles.rackspacecloud.com/audio/TD227R01.mp3"" type=""audio/mpeg""> <embed height=""50"" width=""100"" </audio>","A.H. Charlton, of the Angelina Four",31.338241,-94.729097,9/26/1940,http://cdn.loc.gov/service/pnp/ppmsca/38700/38755r.jpg,http://cdn.loc.gov/service/pnp/ppmsca/38700/38755r.jpg
19,PR 06 CN 1186: JAL 1940-22,38756,http://cdn.loc.gov/service/pnp/ppmsca/38700/38756v.jpg,"Lufkin, TX; ""<audio controls> <source src=""http://c0383352.cdn.cloudfiles.rackspacecloud.com/audio/TD227R01.mp3"" type=""audio/mpeg""> <embed height=""50"" width=""100"" </audio>","T.J. Bailey, of the Angelina Four",31.338241,-94.729097,9/26/1940,http://cdn.loc.gov/service/pnp/ppmsca/38700/38756r.jpg,http://cdn.loc.gov/service/pnp/ppmsca/38700/38756r.jpg
20,PR 06 CN 1186: JAL 1940-23,38757,http://cdn.loc.gov/service/pnp/ppmsca/38700/38757v.jpg,"near Corrigan, TX; ""<audio controls> <source src=""http://c0383352.cdn.cloudfiles.rackspacecloud.com/audio/TD227R01.mp3"" type=""audio/mpeg""> <embed height=""50"" width=""100"" </audio>",Union Springs Church,30.996857,-94.827153,9/29/1940,http://cdn.loc.gov/service/pnp/ppmsca/38700/38757r.jpg,http://cdn.loc.gov/service/pnp/ppmsca/38700/38757r.jpg
21,PR 06 CN 1186: JAL 1940-24,38758,http://cdn.loc.gov/service/pnp/ppmsca/38700/38758v.jpg,"near Corrigan, TX; ""<audio controls> <source src=""http://c0383352.cdn.cloudfiles.rackspacecloud.com/audio/TD227R01.mp3"" type=""audio/mpeg""> <embed height=""50"" width=""100"" </audio>","R.J. Behannon (of Lufkin, TX) in group at Union Springs Church",30.996857,-94.827153,9/29/1940,http://cdn.loc.gov/service/pnp/ppmsca/38700/38758r.jpg,http://cdn.loc.gov/service/pnp/ppmsca/38700/38758r.jpg
22,PR 06 CN 1186: JAL 1940-25,38759,http://cdn.loc.gov/service/pnp/ppmsca/38700/38759v.jpg,"near Corrigan, TX; ""<audio controls> <source src=""http://c0383352.cdn.cloudfiles.rackspacecloud.com/audio/TD227R01.mp3"" type=""audio/mpeg""> <embed height=""50"" width=""100"" </audio>","C.A. Bond (of Lufkin, TX) in group at Union Springs Church",30.996857,-94.827153,9/29/1940,http://cdn.loc.gov/service/pnp/ppmsca/38700/38759r.jpg,http://cdn.loc.gov/service/pnp/ppmsca/38700/38759r.jpg
23,PR 06 CN 1186: JAL 1940-27,38760,http://cdn.loc.gov/service/pnp/ppmsca/38700/38760v.jpg,"Jasper, TX; ""<audio controls> <source src=""http://c0383352.cdn.cloudfiles.rackspacecloud.com/audio/TD227R01.mp3"" type=""audio/mpeg""> <embed height=""50"" width=""100"" </audio>","Arthur (""Brother-in-law"") Armstrong",30.9202,-93.996576,9/30/1940,http://cdn.loc.gov/service/pnp/ppmsca/38700/38760r.jpg,http://cdn.loc.gov/service/pnp/ppmsca/38700/38760r.jpg
24,PR 06 CN 1186: JAL 1940-28,38761,http://cdn.loc.gov/service/pnp/ppmsca/38700/38761v.jpg,"Jasper, TX; ""<audio controls> <source src=""http://c0383352.cdn.cloudfiles.rackspacecloud.com/audio/TD227R01.mp3"" type=""audio/mpeg""> <embed height=""50"" width=""100"" </audio>",Rev. J.R. Gipson,30.9202,-93.996576,9/30/1940,http://cdn.loc.gov/service/pnp/ppmsca/38700/38761r.jpg,http://cdn.loc.gov/service/pnp/ppmsca/38700/38761r.jpg
25,PR 06 CN 1186: JAL 1940-29,38762,http://cdn.loc.gov/service/pnp/ppmsca/38700/38762v.jpg,"Jasper, TX; ""<audio controls> <source src=""http://c0383352.cdn.cloudfiles.rackspacecloud.com/audio/TD227R01.mp3"" type=""audio/mpeg""> <embed height=""50"" width=""100"" </audio>","Principal J.H. Rowe and son, colored high school",30.9202,-93.996576,9/30/1940,http://cdn.loc.gov/service/pnp/ppmsca/38700/38762r.jpg,http://cdn.loc.gov/service/pnp/ppmsca/38700/38762r.jpg
26,PR 06 CN 1186: JAL 1940-30,38763,http://cdn.loc.gov/service/pnp/ppmsca/38700/38763v.jpg,"Jasper, TX; ""<audio controls> <source src=""http://c0383352.cdn.cloudfiles.rackspacecloud.com/audio/TD227R01.mp3"" type=""audio/mpeg""> <embed height=""50"" width=""100"" </audio>","Principal J.H. Rowe and son, colored high school",30.9202,-93.996576,9/30/1940,http://cdn.loc.gov/service/pnp/ppmsca/38700/38763r.jpg,http://cdn.loc.gov/service/pnp/ppmsca/38700/38763r.jpg
27,PR 06 CN 1186: JAL 1940-31,38764,http://cdn.loc.gov/service/pnp/ppmsca/38700/38764v.jpg,"Jasper, TX; ""<audio controls> <source src=""http://c0383352.cdn.cloudfiles.rackspacecloud.com/audio/TD227R01.mp3"" type=""audio/mpeg""> <embed height=""50"" width=""100"" </audio>",Uncle Bill McCrea,30.9202,-93.996576,9/30/1940,http://cdn.loc.gov/service/pnp/ppmsca/38700/38764r.jpg,http://cdn.loc.gov/service/pnp/ppmsca/38700/38764r.jpg
28,PR 06 CN 1186: JAL 1940-32,38765,http://cdn.loc.gov/service/pnp/ppmsca/38700/38765v.jpg,"Jasper, TX; ""<audio controls> <source src=""http://c0383352.cdn.cloudfiles.rackspacecloud.com/audio/TD227R01.mp3"" type=""audio/mpeg""> <embed height=""50"" width=""100"" </audio>",Uncle Bill McCrea,30.9202,-93.996576,9/30/1940,http://cdn.loc.gov/service/pnp/ppmsca/38700/38765r.jpg,http://cdn.loc.gov/service/pnp/ppmsca/38700/38765r.jpg
29,PR 06 CN 1186: JAL 1940-33,38766,http://cdn.loc.gov/service/pnp/ppmsca/38700/38766v.jpg,"Jasper, TX; ""<audio controls> <source src=""http://c0383352.cdn.cloudfiles.rackspacecloud.com/audio/TD227R01.mp3"" type=""audio/mpeg""> <embed height=""50"" width=""100"" </audio>",Uncle Bill McCrea with John A. Lomax and friends,30.9202,-93.996576,9/30/1940,http://cdn.loc.gov/service/pnp/ppmsca/38700/38766r.jpg,http://cdn.loc.gov/service/pnp/ppmsca/38700/38766r.jpg
30,PR 06 CN 1186: JAL 1940-34,38767,http://cdn.loc.gov/service/pnp/ppmsca/38700/38767v.jpg,"Merryville, LA; ""<audio controls> <source src=""http://c0383352.cdn.cloudfiles.rackspacecloud.com/audio/TD227R01.mp3"" type=""audio/mpeg""> <embed height=""50"" width=""100"" </audio>","H.R. Weaver, at his home",30.754367,-93.540451,10/1/1940,http://cdn.loc.gov/service/pnp/ppmsca/38700/38767r.jpg,http://cdn.loc.gov/service/pnp/ppmsca/38700/38767r.jpg
31,PR 06 CN 1186: JAL 1940-35,38768,http://cdn.loc.gov/service/pnp/ppmsca/38700/38768v.jpg,"Merryville, LA; ""<audio controls> <source src=""http://c0383352.cdn.cloudfiles.rackspacecloud.com/audio/TD227R01.mp3"" type=""audio/mpeg""> <embed height=""50"" width=""100"" </audio>","James Martin, at home of H.R. Weaver",30.754367,-93.540451,10/1/1940,http://cdn.loc.gov/service/pnp/ppmsca/38700/38768r.jpg,http://cdn.loc.gov/service/pnp/ppmsca/38700/38768r.jpg
32,PR 06 CN 1186: JAL 1940-36,38769,http://cdn.loc.gov/service/pnp/ppmsca/38700/38769v.jpg,"Merryville, LA; ""<audio controls> <source src=""http://c0383352.cdn.cloudfiles.rackspacecloud.com/audio/TD227R01.mp3"" type=""audio/mpeg""> <embed height=""50"" width=""100"" </audio>","Winnie Terry, at home of H.R. Weaver",30.754367,-93.540451,10/1/1940,http://cdn.loc.gov/service/pnp/ppmsca/38700/38769r.jpg,http://cdn.loc.gov/service/pnp/ppmsca/38700/38769r.jpg
33,PR 06 CN 1186: JAL 1940-37,38770,http://cdn.loc.gov/service/pnp/ppmsca/38700/38770v.jpg,"Merryville, LA; ""<audio controls> <source src=""http://c0383352.cdn.cloudfiles.rackspacecloud.com/audio/TD227R01.mp3"" type=""audio/mpeg""> <embed height=""50"" width=""100"" </audio>","Winnie Terry, at home of H.R. Weaver",30.754367,-93.540451,10/1/1940,http://cdn.loc.gov/service/pnp/ppmsca/38700/38770r.jpg,http://cdn.loc.gov/service/pnp/ppmsca/38700/38770r.jpg
34,PR 06 CN 1186: JAL 1940-38,38771,http://cdn.loc.gov/service/pnp/ppmsca/38700/38771v.jpg,"Wiergate, TX; ""<audio controls> <source src=""http://c0383352.cdn.cloudfiles.rackspacecloud.com/audio/TD227R01.mp3"" type=""audio/mpeg""> <embed height=""50"" width=""100"" </audio>","Henry Truvillion and John A. Lomax, Sr.",30.999641,-93.707677,10/3/1940,http://cdn.loc.gov/service/pnp/ppmsca/38700/38771r.jpg,http://cdn.loc.gov/service/pnp/ppmsca/38700/38771r.jpg
35,PR 06 CN 1186: JAL 1940-39,38772,http://cdn.loc.gov/service/pnp/ppmsca/38700/38772v.jpg,"Newton, TX; ""<audio controls> <source src=""http://c0383352.cdn.cloudfiles.rackspacecloud.com/audio/TD227R01.mp3"" type=""audio/mpeg""> <embed height=""50"" width=""100"" </audio>","Henry Truvillion and mule, in his garden, Rt.#1",30.848534,-93.757401,10/3/1940,http://cdn.loc.gov/service/pnp/ppmsca/38700/38772r.jpg,http://cdn.loc.gov/service/pnp/ppmsca/38700/38772r.jpg
36,PR 06 CN 1186: JAL 1940-40,38773,http://cdn.loc.gov/service/pnp/ppmsca/38700/38773v.jpg,"Newton, TX; ""<audio controls> <source src=""http://c0383352.cdn.cloudfiles.rackspacecloud.com/audio/TD227R01.mp3"" type=""audio/mpeg""> <embed height=""50"" width=""100"" </audio>","Henry Truvillion and wife, in his garden, Rt.#1",30.848534,-93.757401,10/3/1940,http://cdn.loc.gov/service/pnp/ppmsca/38700/38773r.jpg,http://cdn.loc.gov/service/pnp/ppmsca/38700/38773r.jpg
37,PR 06 CN 1186: JAL 1940-41,38774,http://cdn.loc.gov/service/pnp/ppmsca/38700/38774v.jpg,"Newton, TX; ""<audio controls> <source src=""http://c0383352.cdn.cloudfiles.rackspacecloud.com/audio/TD227R01.mp3"" type=""audio/mpeg""> <embed height=""50"" width=""100"" </audio>","Henry Truvillion's children (4 of the 5), in his flower garden",30.999641,-93.707677,10/3/1940,http://cdn.loc.gov/service/pnp/ppmsca/38700/38774r.jpg,http://cdn.loc.gov/service/pnp/ppmsca/38700/38774r.jpg
38,PR 06 CN 1186: JAL 1940-42,38775,http://cdn.loc.gov/service/pnp/ppmsca/38700/38775v.jpg,"Newton, TX; ""<audio controls> <source src=""http://c0383352.cdn.cloudfiles.rackspacecloud.com/audio/TD227R01.mp3"" type=""audio/mpeg""> <embed height=""50"" width=""100"" </audio>","Henry Truvillion's children (4 of the 5), in his flower garden",30.999641,-93.707677,10/3/1940,http://cdn.loc.gov/service/pnp/ppmsca/38700/38775r.jpg,http://cdn.loc.gov/service/pnp/ppmsca/38700/38775r.jpg
39,PR 06 CN 1186: JAL 1940-43,38776,http://cdn.loc.gov/service/pnp/ppmsca/38700/38776v.jpg,"Wiergate, TX; ""<audio controls> <source src=""http://c0383352.cdn.cloudfiles.rackspacecloud.com/audio/TD227R01.mp3"" type=""audio/mpeg""> <embed height=""50"" width=""100"" </audio>","Frank Gallaway, Lester Powell, and friends",30.999641,-93.707677,10/3/1940,http://cdn.loc.gov/service/pnp/ppmsca/38700/38776r.jpg,http://cdn.loc.gov/service/pnp/ppmsca/38700/38776r.jpg
40,PR 06 CN 1186: JAL 1940-44,38777,http://cdn.loc.gov/service/pnp/ppmsca/38700/38777v.jpg,"Shreveport, LA; ""<audio controls> <source src=""http://c0383352.cdn.cloudfiles.rackspacecloud.com/audio/TD227R01.mp3"" type=""audio/mpeg""> <embed height=""50"" width=""100"" </audio>",Joe Harris and Kid West in hotel room,32.525152,-93.750179,10/9/1940,http://cdn.loc.gov/service/pnp/ppmsca/38700/38777r.jpg,http://cdn.loc.gov/service/pnp/ppmsca/38700/38777r.jpg
41,PR 06 CN 1186: JAL 1940-45,38778,http://cdn.loc.gov/service/pnp/ppmsca/38700/38778v.jpg,"Shreveport, LA; ""<audio controls> <source src=""http://c0383352.cdn.cloudfiles.rackspacecloud.com/audio/TD227R01.mp3"" type=""audio/mpeg""> <embed height=""50"" width=""100"" </audio>",Joe Harris and Kid West in hotel room,32.525152,-93.750179,10/9/1940,http://cdn.loc.gov/service/pnp/ppmsca/38700/38778r.jpg,http://cdn.loc.gov/service/pnp/ppmsca/38700/38778r.jpg
42,PR 06 CN 1186: JAL 1940-46,38779,http://cdn.loc.gov/service/pnp/ppmsca/38700/38779v.jpg,"Shreveport, LA; ""<audio controls> <source src=""http://c0383352.cdn.cloudfiles.rackspacecloud.com/audio/TD227R01.mp3"" type=""audio/mpeg""> <embed height=""50"" width=""100"" </audio>",Noel Lebeau with trumpet in hotel room,32.525152,-93.750179,10/9/1940,http://cdn.loc.gov/service/pnp/ppmsca/38700/38779r.jpg,http://cdn.loc.gov/service/pnp/ppmsca/38700/38779r.jpg
43,PR 06 CN 1186: JAL 1940-47,38780,http://cdn.loc.gov/service/pnp/ppmsca/38700/38780v.jpg,"near Mooringsport, LA; ""<audio controls> <source src=""http://c0383352.cdn.cloudfiles.rackspacecloud.com/audio/TD227R01.mp3"" type=""audio/mpeg""> <embed height=""50"" width=""100"" </audio>","Uncle Bob Ledbetter, at granddaughter's home",32.687646,-93.961015,10/10/1940,http://cdn.loc.gov/service/pnp/ppmsca/38700/38780r.jpg,http://cdn.loc.gov/service/pnp/ppmsca/38700/38780r.jpg
44,PR 06 CN 1186: JAL 1940-48,38781,http://cdn.loc.gov/service/pnp/ppmsca/38700/38781v.jpg,"near Mooringsport, LA; ""<audio controls> <source src=""http://c0383352.cdn.cloudfiles.rackspacecloud.com/audio/TD227R01.mp3"" type=""audio/mpeg""> <embed height=""50"" width=""100"" </audio>","Uncle Bob Ledbetter, with ""grands"" and ""great-grands""",32.687646,-93.961015,10/10/1940,http://cdn.loc.gov/service/pnp/ppmsca/38700/38781r.jpg,http://cdn.loc.gov/service/pnp/ppmsca/38700/38781r.jpg
45,PR 06 CN 1186: JAL 1940-49,38782,http://cdn.loc.gov/service/pnp/ppmsca/38700/38782v.jpg,"New Roads, LA; ""<audio controls> <source src=""http://c0383352.cdn.cloudfiles.rackspacecloud.com/audio/TD227R01.mp3"" type=""audio/mpeg""> <embed height=""50"" width=""100"" </audio>",Jimmy Boudreaux,30.701574,-91.436224,10/13/1940,http://cdn.loc.gov/service/pnp/ppmsca/38700/38782r.jpg,http://cdn.loc.gov/service/pnp/ppmsca/38700/38782r.jpg
46,PR 06 CN 1186: JAL 1940-50,38783,http://cdn.loc.gov/service/pnp/ppmsca/38700/38783v.jpg,"New Roads, LA; ""<audio controls> <source src=""http://c0383352.cdn.cloudfiles.rackspacecloud.com/audio/TD227R01.mp3"" type=""audio/mpeg""> <embed height=""50"" width=""100"" </audio>","Joe Frank, Joe Frank, Jr., A. (""Shacks"") Franklin",30.701574,-91.436224,10/13/1940,http://cdn.loc.gov/service/pnp/ppmsca/38700/38783r.jpg,http://cdn.loc.gov/service/pnp/ppmsca/38700/38783r.jpg
47,PR 06 CN 1186: JAL 1940-51,38784,http://cdn.loc.gov/service/pnp/ppmsca/38700/38784v.jpg,"New Roads, LA; ""<audio controls> <source src=""http://c0383352.cdn.cloudfiles.rackspacecloud.com/audio/TD227R01.mp3"" type=""audio/mpeg""> <embed height=""50"" width=""100"" </audio>","Joe Frank, Joe Frank, Jr.",30.701574,-91.436224,10/13/1940,http://cdn.loc.gov/service/pnp/ppmsca/38700/38784r.jpg,http://cdn.loc.gov/service/pnp/ppmsca/38700/38784r.jpg
48,PR 06 CN 1186: JAL 1940-52,38785,http://cdn.loc.gov/service/pnp/ppmsca/38700/38785v.jpg,"Winnfield, LA; ""<audio controls> <source src=""http://c0383352.cdn.cloudfiles.rackspacecloud.com/audio/TD227R01.mp3"" type=""audio/mpeg""> <embed height=""50"" width=""100"" </audio>",Willie George King,31.925441,-92.639593,10/15/1940,http://cdn.loc.gov/service/pnp/ppmsca/38700/38786r.jpg,http://cdn.loc.gov/service/pnp/ppmsca/38700/38786r.jpg
49,PR 06 CN 1186: JAL 1940-53,38786,http://cdn.loc.gov/service/pnp/ppmsca/38700/38786v.jpg,"Winnfield, LA; ""<audio controls> <source src=""http://c0383352.cdn.cloudfiles.rackspacecloud.com/audio/TD227R01.mp3"" type=""audio/mpeg""> <embed height=""50"" width=""100"" </audio>",Willie George King,31.925441,-92.639593,10/15/1940,http://cdn.loc.gov/service/pnp/ppmsca/38700/38785r.jpg,http://cdn.loc.gov/service/pnp/ppmsca/38700/38785r.jpg
50,PR 06 CN 1186: JAL 1940-54,38787,http://cdn.loc.gov/service/pnp/ppmsca/38700/38787v.jpg,"Natchez, MS; ""<audio controls> <source src=""http://c0383352.cdn.cloudfiles.rackspacecloud.com/audio/TD227R01.mp3"" type=""audio/mpeg""> <embed height=""50"" width=""100"" </audio>","Alice (""Judge"") Richardson, at her daughter's home",31.560444,-91.403171,10/18/1940,http://cdn.loc.gov/service/pnp/ppmsca/38700/38787r.jpg,http://cdn.loc.gov/service/pnp/ppmsca/38700/38787r.jpg
51,PR 06 CN 1186: JAL 1940-55,38788,http://cdn.loc.gov/service/pnp/ppmsca/38700/38788v.jpg,"Natchez, MS; ""<audio controls> <source src=""http://c0383352.cdn.cloudfiles.rackspacecloud.com/audio/TD227R01.mp3"" type=""audio/mpeg""> <embed height=""50"" width=""100"" </audio>","Alice (""Judge"") Richardson, at her daughter's home",31.560444,-91.403171,10/18/1940,http://cdn.loc.gov/service/pnp/ppmsca/38700/38788r.jpg,http://cdn.loc.gov/service/pnp/ppmsca/38700/38788r.jpg
52,PR 06 CN 1186: JAL 1940-56,38789,http://cdn.loc.gov/service/pnp/ppmsca/38700/38789v.jpg,"near Rome, MS; ""<audio controls> <source src=""http://c0383352.cdn.cloudfiles.rackspacecloud.com/audio/TD227R01.mp3"" type=""audio/mpeg""> <embed height=""50"" width=""100"" </audio>","Irene Williams, J.E. Grant Plantation",33.963168,-90.478427,10/23/1940,http://cdn.loc.gov/service/pnp/ppmsca/38700/38789r.jpg,http://cdn.loc.gov/service/pnp/ppmsca/38700/38789r.jpg
53,PR 06 CN 1186: JAL 1940-57,38790,http://cdn.loc.gov/service/pnp/ppmsca/38700/38790v.jpg,"near Rome, MS; ""<audio controls> <source src=""http://c0383352.cdn.cloudfiles.rackspacecloud.com/audio/TD227R01.mp3"" type=""audio/mpeg""> <embed height=""50"" width=""100"" </audio>","Irene Williams, J.E. Grant Plantation",33.963168,-90.478427,10/23/1940,http://cdn.loc.gov/service/pnp/ppmsca/38700/38790r.jpg,http://cdn.loc.gov/service/pnp/ppmsca/38700/38790r.jpg
54,PR 06 CN 1186: JAL 1940-58,38791,http://cdn.loc.gov/service/pnp/ppmsca/38700/38791v.jpg,"near Rome, MS; ""<audio controls> <source src=""http://c0383352.cdn.cloudfiles.rackspacecloud.com/audio/TD227R01.mp3"" type=""audio/mpeg""> <embed height=""50"" width=""100"" </audio>","Joan and Jean Grant and friends, J.E. Grant Plantation",33.963168,-90.478427,10/23/1940,http://cdn.loc.gov/service/pnp/ppmsca/38700/38791r.jpg,http://cdn.loc.gov/service/pnp/ppmsca/38700/38791r.jpg
55,PR 06 CN 1186: JAL 1940-59,38792,http://cdn.loc.gov/service/pnp/ppmsca/38700/38792v.jpg,"near Rome, MS; ""<audio controls> <source src=""http://c0383352.cdn.cloudfiles.rackspacecloud.com/audio/TD227R01.mp3"" type=""audio/mpeg""> <embed height=""50"" width=""100"" </audio>","Joan and Jean Grant and friends, J.E. Grant Plantation",33.963168,-90.478427,10/23/1940,http://cdn.loc.gov/service/pnp/ppmsca/38700/38792r.jpg,http://cdn.loc.gov/service/pnp/ppmsca/38700/38792r.jpg
56,PR 06 CN 1186: JAL 1940-60,38793,http://cdn.loc.gov/service/pnp/ppmsca/38700/38793v.jpg,"near Drew, MS; ""<audio controls> <source src=""http://c0383352.cdn.cloudfiles.rackspacecloud.com/audio/TD227R01.mp3"" type=""audio/mpeg""> <embed height=""50"" width=""100"" </audio>",Cotton picking scenes on Roger Williams Plantation in the Delta,33.809558,-90.526481,10/24/1940,http://cdn.loc.gov/service/pnp/ppmsca/38700/38793r.jpg,http://cdn.loc.gov/service/pnp/ppmsca/38700/38793r.jpg
57,PR 06 CN 1186: JAL 1940-61,38794,http://cdn.loc.gov/service/pnp/ppmsca/38700/38794v.jpg,"near Drew, MS; ""<audio controls> <source src=""http://c0383352.cdn.cloudfiles.rackspacecloud.com/audio/TD227R01.mp3"" type=""audio/mpeg""> <embed height=""50"" width=""100"" </audio>",Cotton picking scenes on Roger Williams Plantation in the Delta,33.809558,-90.526481,10/24/1940,http://cdn.loc.gov/service/pnp/ppmsca/38700/38794r.jpg,http://cdn.loc.gov/service/pnp/ppmsca/38700/38794r.jpg
58,PR 06 CN 1186: JAL 1940-62,38795,http://cdn.loc.gov/service/pnp/ppmsca/38700/38795v.jpg,"near Drew, MS; ""<audio controls> <source src=""http://c0383352.cdn.cloudfiles.rackspacecloud.com/audio/TD227R01.mp3"" type=""audio/mpeg""> <embed height=""50"" width=""100"" </audio>",Cotton picking scenes on Roger Williams Plantation in the Delta,33.809558,-90.526481,10/24/1940,http://cdn.loc.gov/service/pnp/ppmsca/38700/38795r.jpg,http://cdn.loc.gov/service/pnp/ppmsca/38700/38795r.jpg
59,PR 06 CN 1186: JAL 1940-63,38796,http://cdn.loc.gov/service/pnp/ppmsca/38700/38796v.jpg,"Livingston, AL; ""<audio controls> <source src=""http://c0383352.cdn.cloudfiles.rackspacecloud.com/audio/TD227R01.mp3"" type=""audio/mpeg""> <embed height=""50"" width=""100"" </audio>","Vera Hall, Livingston, AL, home of Mrs. Ruby Pickens Tartt",32.584303,-88.187248,10/27/1940,http://cdn.loc.gov/service/pnp/ppmsca/38700/38796r.jpg,http://cdn.loc.gov/service/pnp/ppmsca/38700/38796r.jpg
60,PR 06 CN 1186: JAL 1940-64,38797,http://cdn.loc.gov/service/pnp/ppmsca/38700/38797v.jpg,"Livingston, AL; ""<audio controls> <source src=""http://c0383352.cdn.cloudfiles.rackspacecloud.com/audio/TD227R01.mp3"" type=""audio/mpeg""> <embed height=""50"" width=""100"" </audio>","Doc Reed, John A. Lomax, Sr., and Richard Amerson, home of Mrs. Ruby Pickens Tartt",32.584303,-88.187248,10/27/1940,http://cdn.loc.gov/service/pnp/ppmsca/38700/38797r.jpg,http://cdn.loc.gov/service/pnp/ppmsca/38700/38797r.jpg
61,PR 06 CN 1186: JAL 1940-65,38798,http://cdn.loc.gov/service/pnp/ppmsca/38700/38798v.jpg,"Livingston, AL; ""<audio controls> <source src=""http://c0383352.cdn.cloudfiles.rackspacecloud.com/audio/TD227R01.mp3"" type=""audio/mpeg""> <embed height=""50"" width=""100"" </audio>","Richard Amerson and John A. Lomax, Sr., home of Mrs. Ruby Pickens Tartt",32.584303,-88.187248,10/27/1940,http://cdn.loc.gov/service/pnp/ppmsca/38700/38798r.jpg,http://cdn.loc.gov/service/pnp/ppmsca/38700/38798r.jpg
62,PR 06 CN 1186: JAL 1940-66,38799,http://cdn.loc.gov/service/pnp/ppmsca/38700/38799v.jpg,"Livingston, AL; ""<audio controls> <source src=""http://c0383352.cdn.cloudfiles.rackspacecloud.com/audio/TD227R01.mp3"" type=""audio/mpeg""> <embed height=""50"" width=""100"" </audio>","Richard Amerson and John A. Lomax, Sr., home of Mrs. Ruby Pickens Tartt",32.584303,-88.187248,10/27/1940,http://cdn.loc.gov/service/pnp/ppmsca/38700/38799r.jpg,http://cdn.loc.gov/service/pnp/ppmsca/38700/38799r.jpg
63,PR 06 CN 1186: JAL 1940-67,38800,http://cdn.loc.gov/service/pnp/ppmsca/38800/38800v.jpg,"Livingston, AL; ""<audio controls> <source src=""http://c0383352.cdn.cloudfiles.rackspacecloud.com/audio/TD227R01.mp3"" type=""audio/mpeg""> <embed height=""50"" width=""100"" </audio>","Enoch Brown, home of Mrs. Ruby Pickens Tartt",32.584303,-88.187248,10/27/1940,http://cdn.loc.gov/service/pnp/ppmsca/38800/38801r.jpg,http://cdn.loc.gov/service/pnp/ppmsca/38800/38801r.jpg
64,PR 06 CN 1186: JAL 1940-68,38801,http://cdn.loc.gov/service/pnp/ppmsca/38800/38801v.jpg,"Livingston, AL; ""<audio controls> <source src=""http://c0383352.cdn.cloudfiles.rackspacecloud.com/audio/TD227R01.mp3"" type=""audio/mpeg""> <embed height=""50"" width=""100"" </audio>","Enoch Brown, home of Mrs. Ruby Pickens Tartt",32.584303,-88.187248,10/27/1940,http://cdn.loc.gov/service/pnp/ppmsca/38800/38800r.jpg,http://cdn.loc.gov/service/pnp/ppmsca/38800/38800r.jpg
65,PR 06 CN 1186: JAL 1940-69,38802,http://cdn.loc.gov/service/pnp/ppmsca/38800/38802v.jpg,"near York, AL; ""<audio controls> <source src=""http://c0383352.cdn.cloudfiles.rackspacecloud.com/audio/TD227R01.mp3"" type=""audio/mpeg""> <embed height=""50"" width=""100"" </audio>",Mt. Powell Colored School children,32.486249,-88.296418,10/30/1940,http://cdn.loc.gov/service/pnp/ppmsca/38800/38803r.jpg,http://cdn.loc.gov/service/pnp/ppmsca/38800/38803r.jpg
66,PR 06 CN 1186: JAL 1940-70,38803,http://cdn.loc.gov/service/pnp/ppmsca/38800/38803v.jpg,"near York, AL; ""<audio controls> <source src=""http://c0383352.cdn.cloudfiles.rackspacecloud.com/audio/TD227R01.mp3"" type=""audio/mpeg""> <embed height=""50"" width=""100"" </audio>",Mt. Powell Colored School children,32.486249,-88.296418,10/30/1940,http://cdn.loc.gov/service/pnp/ppmsca/38800/38802r.jpg,http://cdn.loc.gov/service/pnp/ppmsca/38800/38802r.jpg
67,PR 06 CN 1186: JAL 1940-71,38804,http://cdn.loc.gov/service/pnp/ppmsca/38800/38804v.jpg,"Livingston, AL; ""<audio controls> <source src=""http://c0383352.cdn.cloudfiles.rackspacecloud.com/audio/TD227R01.mp3"" type=""audio/mpeg""> <embed height=""50"" width=""100"" </audio>","Hettie Godfrey, home of Mrs. Ruby Pickens Tartt",32.584303,-88.187248,11/1/1940,http://cdn.loc.gov/service/pnp/ppmsca/38800/38804r.jpg,http://cdn.loc.gov/service/pnp/ppmsca/38800/38804r.jpg
68,PR 06 CN 1186: JAL 1940-73,38805,http://cdn.loc.gov/service/pnp/ppmsca/38800/38805v.jpg,"Boyd, AL; ""<audio controls> <source src=""http://c0383352.cdn.cloudfiles.rackspacecloud.com/audio/TD227R01.mp3"" type=""audio/mpeg""> <embed height=""50"" width=""100"" </audio>","Group of spiritual singers, home of Rev. Bell, including Clabe Amerson, Mary Amerson, Mandy Tartt, and Mattie Bell",32.61958,-88.304197,11/3/1940,http://cdn.loc.gov/service/pnp/ppmsca/38800/38805r.jpg,http://cdn.loc.gov/service/pnp/ppmsca/38800/38805r.jpg
69,PR 06 CN 1186: JAL 1940-74,38806,http://cdn.loc.gov/service/pnp/ppmsca/38800/38806v.jpg,"Boyd, AL; ""<audio controls> <source src=""http://c0383352.cdn.cloudfiles.rackspacecloud.com/audio/TD227R01.mp3"" type=""audio/mpeg""> <embed height=""50"" width=""100"" </audio>",Mary Amerson,32.584303,-88.187248,11/3/1940,http://cdn.loc.gov/service/pnp/ppmsca/38800/38806r.jpg,http://cdn.loc.gov/service/pnp/ppmsca/38800/38806r.jpg
70,PR 06 CN 1186: JAL 1940-75,38807,http://cdn.loc.gov/service/pnp/ppmsca/38800/38807v.jpg,"near Sumterville, AL; ""<audio controls> <source src=""http://c0383352.cdn.cloudfiles.rackspacecloud.com/audio/TD227R01.mp3"" type=""audio/mpeg""> <embed height=""50"" width=""100"" </audio>","Uncle Rich Brown and John A. Lomax, Sr.",32.7118,-88.238917,11/3/1940,http://cdn.loc.gov/service/pnp/ppmsca/38800/38807r.jpg,http://cdn.loc.gov/service/pnp/ppmsca/38800/38807r.jpg
71,PR 06 CN 1186: JAL 1940-76,38808,http://cdn.loc.gov/service/pnp/ppmsca/38800/38808v.jpg,"near Livingston, AL; ""<audio controls> <source src=""http://c0383352.cdn.cloudfiles.rackspacecloud.com/audio/TD227R01.mp3"" type=""audio/mpeg""> <embed height=""50"" width=""100"" </audio>","Uncle Joe McDonald, Aunt Mollie McDonald, and daughter Janie McDonald",32.584303,-88.187248,11/3/1940,http://cdn.loc.gov/service/pnp/ppmsca/38800/38810r.jpg,http://cdn.loc.gov/service/pnp/ppmsca/38800/38810r.jpg
72,PR 06 CN 1186: JAL 1940-77,38809,http://cdn.loc.gov/service/pnp/ppmsca/38800/38809v.jpg,"near Livingston, AL; ""<audio controls> <source src=""http://c0383352.cdn.cloudfiles.rackspacecloud.com/audio/TD227R01.mp3"" type=""audio/mpeg""> <embed height=""50"" width=""100"" </audio>","Jim McDonald, on porch of parents' home, Uncle Joe McDonald and Aunt Mollie McDonald in background",32.584303,-88.187248,11/3/1940,http://cdn.loc.gov/service/pnp/ppmsca/38800/38809r.jpg,http://cdn.loc.gov/service/pnp/ppmsca/38800/38809r.jpg
73,PR 06 CN 1186: JAL 1940-78,38810,http://cdn.loc.gov/service/pnp/ppmsca/38800/38810v.jpg,"near Livingston, AL; ""<audio controls> <source src=""http://c0383352.cdn.cloudfiles.rackspacecloud.com/audio/TD227R01.mp3"" type=""audio/mpeg""> <embed height=""50"" width=""100"" </audio>","Uncle Joe McDonald, Aunt Mollie McDonald, and daughter Janie McDonald at their home",32.584303,-88.187248,11/3/1940,http://cdn.loc.gov/service/pnp/ppmsca/38800/38808r.jpg,http://cdn.loc.gov/service/pnp/ppmsca/38800/38808r.jpg
74,PR 06 CN 1186: JAL 1940-79,38811,http://cdn.loc.gov/service/pnp/ppmsca/38800/38811v.jpg,"near Sumterville, AL; ""<audio controls> <source src=""http://c0383352.cdn.cloudfiles.rackspacecloud.com/audio/TD227R01.mp3"" type=""audio/mpeg""> <embed height=""50"" width=""100"" </audio>","Aunt Harriett McClintock with ""great-grands"" at her home",32.7118,-88.238917,11/3/1940,http://cdn.loc.gov/service/pnp/ppmsca/38800/38811r.jpg,http://cdn.loc.gov/service/pnp/ppmsca/38800/38811r.jpg
75,PR 06 CN 1186: JAL 1940-80,38812,http://cdn.loc.gov/service/pnp/ppmsca/38800/38812v.jpg,"near Sumterville, AL; ""<audio controls> <source src=""http://c0383352.cdn.cloudfiles.rackspacecloud.com/audio/TD227R01.mp3"" type=""audio/mpeg""> <embed height=""50"" width=""100"" </audio>","Aunt Harriett McClintock dancing for John A. Lomax, Sr., as she sang ""Sing, Shing"" at crossroads",32.7118,-88.238917,11/3/1940,http://cdn.loc.gov/service/pnp/ppmsca/38800/38812r.jpg,http://cdn.loc.gov/service/pnp/ppmsca/38800/38812r.jpg
76,PR 06 CN 1186: JAL 1940-81,38813,http://cdn.loc.gov/service/pnp/ppmsca/38800/38813v.jpg,"near Sumterville, AL; ""<audio controls> <source src=""http://c0383352.cdn.cloudfiles.rackspacecloud.com/audio/TD227R01.mp3"" type=""audio/mpeg""> <embed height=""50"" width=""100"" </audio>","Aunt Harriett McClintock at the microphone with John A. Lomax, Sr., Mrs. Ruby Pickens Tartt and Aunt Harriett's ""great-grands"" in background, at crossroads",32.7118,-88.238917,11/3/1940,http://cdn.loc.gov/service/pnp/ppmsca/38800/38813r.jpg,http://cdn.loc.gov/service/pnp/ppmsca/38800/38813r.jpg
77,PR 06 CN 1186: JAL 1940-82,38814,http://cdn.loc.gov/service/pnp/ppmsca/38800/38814v.jpg,"near Sumterville, AL; ""<audio controls> <source src=""http://c0383352.cdn.cloudfiles.rackspacecloud.com/audio/TD227R01.mp3"" type=""audio/mpeg""> <embed height=""50"" width=""100"" </audio>","Aunt Harriett McClintock at the microphone with John A. Lomax, Sr., Mrs. Ruby Pickens Tartt and Aunt Harriett's ""great-grands"" in background, at crossroads",32.7118,-88.238917,11/3/1940,http://cdn.loc.gov/service/pnp/ppmsca/38800/38814r.jpg,http://cdn.loc.gov/service/pnp/ppmsca/38800/38814r.jpg
78,PR 06 CN 1186: JAL 1940-83,38815,http://cdn.loc.gov/service/pnp/ppmsca/38800/38815v.jpg,"Livingston, AL; ""<audio controls> <source src=""http://c0383352.cdn.cloudfiles.rackspacecloud.com/audio/TD227R01.mp3"" type=""audio/mpeg""> <embed height=""50"" width=""100"" </audio>",Mrs. Ruby Pickens Tartt at her home,32.584303,-88.187248,11/3/1940,http://cdn.loc.gov/service/pnp/ppmsca/38800/38815r.jpg,http://cdn.loc.gov/service/pnp/ppmsca/38800/38815r.jpg
79,PR 06 CN 1186: JAL 1940-84,38816,http://cdn.loc.gov/service/pnp/ppmsca/38800/38816v.jpg,"Atlanta, GA; ""<audio controls> <source src=""http://c0383352.cdn.cloudfiles.rackspacecloud.com/audio/TD227R01.mp3"" type=""audio/mpeg""> <embed height=""50"" width=""100"" </audio>","Blind Willie McTell with 12-string guitar, hotel room",33.748995,-84.387982,11/5/1940,http://cdn.loc.gov/service/pnp/cph/3a40000/3a49000/3a49500/3a49539r.jpg,http://cdn.loc.gov/service/pnp/cph/3a40000/3a49000/3a49500/3a49539r.jpg
